Distribution,Mean,Median,IQR,Gini Coefficient
Leaderboards across Display Formats,68.0909090909091,6.0,73.5,0.806408544726302
Leaderboards across Platforms,125.25,111.0,56.75,0.2401862940785096
Leaderboards across Publication Venues,3.838709677419355,1.0,1.0,0.6459567433530785
Leaderboards across Release Organizations,3.5296610169491527,1.0,1.0,0.6342264565400612
Leaderboards across Workflow Patterns,50.666666666666664,8.0,67.0,0.7206632653061223
