Distribution,Mean,Median,IQR,Gini Coefficient
Leaderboards across Display Formats,118.63636363636364,6.0,82.0,0.8366283524904218
Leaderboards across Publication Venues,3.5217391304347827,2.0,2.0,0.5555555555555554
Leaderboards across Release Organizations,4.549242424242424,1.0,1.0,0.7118497576480933
Leaderboards across Workflow Patterns,186.75,131.0,197.75,0.6662204373047746
