Distribution,Mean,Median,IQR,Gini Coefficient
Leaderboards across Display Formats,119.63636363636364,6.0,84.5,0.8361702127659578
Leaderboards across Publication Venues,3.5217391304347827,2.0,2.0,0.5555555555555554
Leaderboards across Release Organizations,4.563432835820896,1.0,1.0,0.7106519548846797
Leaderboards across Workflow Patterns,189.25,133.5,200.25,0.6530162923822105
