Distribution,Mean,Median,IQR,Gini Coefficient
Leaderboards across Display Formats,115.1818181818182,6.0,70.0,0.8520915548539861
Leaderboards across Publication Venues,3.1818181818181817,1.5,2.0,0.5278911564625848
Leaderboards across Release Organizations,4.759656652360515,1.0,2.0,0.7255293678679113
Leaderboards across Workflow Patterns,179.25,114.0,173.25,0.6689911668991166
