Distribution,Mean,Median,IQR,Gini Coefficient
Leaderboards across Display Formats,67.63636363636364,5.0,72.0,0.8083333333333337
Leaderboards across Platforms,124.5,109.5,54.5,0.2396251673360107
Leaderboards across Publication Venues,3.885245901639344,1.0,1.0,0.6471167369901555
Leaderboards across Release Organizations,3.516949152542373,1.0,1.0,0.6333658036400907
Leaderboards across Workflow Patterns,50.111111111111114,8.0,67.0,0.7207352466946146
