Distribution,Mean,Median,IQR,Gini Coefficient
Leaderboards across Display Formats,117.45454545454544,6.0,78.5,0.8400928792569662
Leaderboards across Publication Venues,3.391304347826087,1.0,2.0,0.5734265734265733
Leaderboards across Release Organizations,4.609561752988048,1.0,1.0,0.7187139152981841
Leaderboards across Workflow Patterns,184.25,126.5,191.25,0.6725463591135232
